id_transacao,data_venda,id_loja,id_produto,quantidade,preco_unitario,desconto_percentual,vendedor,forma_pagamento,nome_produto,categoria,preco_custo,peso_kg,perecivel,fornecedor_nome,fornecedor_cnpj,fornecedor_estado,nome_loja,cidade,estado,metros_quadrados,data_inauguracao,gerente
5092,2025-01-17,104,1004,42,41.65,0.107,Carlos Souza,Cartão Crédito,Goiaba Vermelha,Frutas in Natura,4.45,1.57,True,AgriFruit LTDA,12.345.678/0001-90,CE,Frutally Teresina Centro,Teresina,PI,195.0,2022-01-10,Luciana Rocha
5047,2025-01-07,105,1010,32,63.7,0.179,Ana Silva,Dinheiro,Polpa de Manga,Polpas Congeladas,7.16,3.82,True,Polpas do Norte S.A.,98.765.432/0001-10,PE,Frutally São Luís,São Luís,MA,410.0,2023-08-15,Thiago Borges
5129,2025-01-09,102,1007,32,53.9,0.118,Fernanda Costa,Cartão Crédito,Polpa de CupuaÃ§u,Polpas Congeladas,28.51,0.32,True,Polpas do Norte S.A.,98.765.432/0001-10,PE,Frutally Recife Boa Viagem,Recife,PE,280.0,2020-07-15,Patrícia Alves
5104,2025-01-04,102,1008,6,64.52,0.245,João Pereira,Cartão Débito,Polpa de MaracujÃ¡,Polpas Congeladas,39.41,4.87,True,Polpas do Norte S.A.,98.765.432/0001-10,PE,Frutally Recife Boa Viagem,Recife,PE,280.0,2020-07-15,Patrícia Alves
5005,2025-01-11,104,1006,21,11.95,0.134,Maria Lima,Cartão Crédito,Polpa de AÃ§aÃ­,Polpas Congeladas,26.82,1.79,True,Polpas do Norte S.A.,98.765.432/0001-10,PE,Frutally Teresina Centro,Teresina,PI,195.0,2022-01-10,Luciana Rocha
5050,2025-01-19,103,1014,23,67.01,0.114,Ana Silva,Pix,Banana Chips,Frutas Desidratadas,20.9,1.44,False,SecaFrut IndÃºstria,55.666.777/0001-88,PI,Frutally Salvador Pituba,Salvador,BA,0.0,2021-11-05,Bruno Nascimento
5102,2025-01-12,104,1002,39,9.79,0.068,Carlos Souza,Pix,Acerola,Frutas in Natura,42.04,0.6,True,AgriFruit LTDA,12.345.678/0001-90,CE,Frutally Teresina Centro,Teresina,PI,195.0,2022-01-10,Luciana Rocha
5009,2025-01-12,104,1005,47,40.98,0.132,Carlos Souza,Cartão Débito,Graviola,Frutas in Natura,32.31,0.43,True,AgriFruit LTDA,12.345.678/0001-90,CE,Frutally Teresina Centro,Teresina,PI,195.0,2022-01-10,Luciana Rocha
5146,2025-01-17,102,1004,29,57.88,0.106,Maria Lima,Cartão Débito,Goiaba Vermelha,Frutas in Natura,4.45,1.57,True,AgriFruit LTDA,12.345.678/0001-90,CE,Frutally Recife Boa Viagem,Recife,PE,280.0,2020-07-15,Patrícia Alves
5015,2025-01-10,104,1001,35,57.57,0.137,Maria Lima,Dinheiro,Manga Tommy,Frutas in Natura,16.37,3.2,True,AgriFruit LTDA,12.345.678/0001-90,CE,Frutally Teresina Centro,Teresina,PI,195.0,2022-01-10,Luciana Rocha
5095,2025-01-03,101,1009,43,13.61,0.209,Maria Lima,Cartão Débito,Polpa de Caju,Polpas Congeladas,43.65,3.77,True,Polpas do Norte S.A.,98.765.432/0001-10,PE,Frutally Fortaleza Centro,Fortaleza,CE,320.0,2019-03-12,Ricardo Mendes
5128,2025-01-27,105,1006,34,67.96,0.141,João Pereira,Boleto,Polpa de AÃ§aÃ­,Polpas Congeladas,26.82,1.79,True,Polpas do Norte S.A.,98.765.432/0001-10,PE,Frutally São Luís,São Luís,MA,410.0,2023-08-15,Thiago Borges
5137,2025-01-25,104,1008,5,87.3,0.204,Fernanda Costa,Cartão Débito,Polpa de MaracujÃ¡,Polpas Congeladas,39.41,4.87,True,Polpas do Norte S.A.,98.765.432/0001-10,PE,Frutally Teresina Centro,Teresina,PI,195.0,2022-01-10,Luciana Rocha
5133,2025-01-20,103,1014,45,78.55,0.161,Carlos Souza,Boleto,Banana Chips,Frutas Desidratadas,20.9,1.44,False,SecaFrut IndÃºstria,55.666.777/0001-88,PI,Frutally Salvador Pituba,Salvador,BA,0.0,2021-11-05,Bruno Nascimento
5135,2025-01-08,101,1014,16,86.72,0.173,João Pereira,Dinheiro,Banana Chips,Frutas Desidratadas,20.9,1.44,False,SecaFrut IndÃºstria,55.666.777/0001-88,PI,Frutally Fortaleza Centro,Fortaleza,CE,320.0,2019-03-12,Ricardo Mendes
5025,2025-01-09,104,1006,41,53.22,0.18,Carlos Souza,Cartão Débito,Polpa de AÃ§aÃ­,Polpas Congeladas,26.82,1.79,True,Polpas do Norte S.A.,98.765.432/0001-10,PE,Frutally Teresina Centro,Teresina,PI,195.0,2022-01-10,Luciana Rocha
5044,2025-01-28,102,1008,40,73.87,0.249,Maria Lima,Cartão Débito,Polpa de MaracujÃ¡,Polpas Congeladas,39.41,4.87,True,Polpas do Norte S.A.,98.765.432/0001-10,PE,Frutally Recife Boa Viagem,Recife,PE,280.0,2020-07-15,Patrícia Alves
5010,2025-01-02,104,1009,33,37.93,0.192,Ana Silva,Boleto,Polpa de Caju,Polpas Congeladas,43.65,3.77,True,Polpas do Norte S.A.,98.765.432/0001-10,PE,Frutally Teresina Centro,Teresina,PI,195.0,2022-01-10,Luciana Rocha
5086,2025-01-07,102,1012,23,71.89,0.055,Ana Silva,Pix,Suco de Uva Integral,Sucos Concentrados,15.58,2.49,False,NaturSucos ME,11.222.333/0001-44,BA,Frutally Recife Boa Viagem,Recife,PE,280.0,2020-07-15,Patrícia Alves
5149,2025-01-22,105,1006,5,57.72,0.017,Ana Silva,Pix,Polpa de AÃ§aÃ­,Polpas Congeladas,26.82,1.79,True,Polpas do Norte S.A.,98.765.432/0001-10,PE,Frutally São Luís,São Luís,MA,410.0,2023-08-15,Thiago Borges
5081,2025-01-23,101,1001,15,42.25,0.008,Carlos Souza,Boleto,Manga Tommy,Frutas in Natura,16.37,3.2,True,AgriFruit LTDA,12.345.678/0001-90,CE,Frutally Fortaleza Centro,Fortaleza,CE,320.0,2019-03-12,Ricardo Mendes
5041,2025-01-16,105,1015,42,31.06,0.173,Maria Lima,Cartão Crédito,Manga Desidratada,Frutas Desidratadas,44.87,2.19,False,SecaFrut IndÃºstria,55.666.777/0001-88,PI,Frutally São Luís,São Luís,MA,410.0,2023-08-15,Thiago Borges
5085,2025-01-13,102,1014,32,68.51,0.195,João Pereira,Dinheiro,Banana Chips,Frutas Desidratadas,20.9,1.44,False,SecaFrut IndÃºstria,55.666.777/0001-88,PI,Frutally Recife Boa Viagem,Recife,PE,280.0,2020-07-15,Patrícia Alves
5091,2025-01-24,101,1009,49,50.98,0.077,Ana Silva,Cartão Débito,Polpa de Caju,Polpas Congeladas,43.65,3.77,True,Polpas do Norte S.A.,98.765.432/0001-10,PE,Frutally Fortaleza Centro,Fortaleza,CE,320.0,2019-03-12,Ricardo Mendes
5007,2025-01-24,105,1006,33,44.41,0.242,Carlos Souza,Boleto,Polpa de AÃ§aÃ­,Polpas Congeladas,26.82,1.79,True,Polpas do Norte S.A.,98.765.432/0001-10,PE,Frutally São Luís,São Luís,MA,410.0,2023-08-15,Thiago Borges
5090,2025-01-15,104,1004,22,8.47,0.046,Ana Silva,Dinheiro,Goiaba Vermelha,Frutas in Natura,4.45,1.57,True,AgriFruit LTDA,12.345.678/0001-90,CE,Frutally Teresina Centro,Teresina,PI,195.0,2022-01-10,Luciana Rocha
5058,2025-01-05,101,1003,33,35.64,0.057,Fernanda Costa,Cartão Débito,CajÃ¡,Frutas in Natura,42.27,3.47,True,AgriFruit LTDA,12.345.678/0001-90,CE,Frutally Fortaleza Centro,Fortaleza,CE,320.0,2019-03-12,Ricardo Mendes
5110,2025-01-01,104,1009,40,73.73,0.139,Carlos Souza,Dinheiro,Polpa de Caju,Polpas Congeladas,43.65,3.77,True,Polpas do Norte S.A.,98.765.432/0001-10,PE,Frutally Teresina Centro,Teresina,PI,195.0,2022-01-10,Luciana Rocha
5031,2025-01-08,105,1013,31,36.86,0.079,Ana Silva,Pix,Suco de Abacaxi,Sucos Concentrados,35.01,3.45,False,NaturSucos ME,11.222.333/0001-44,BA,Frutally São Luís,São Luís,MA,410.0,2023-08-15,Thiago Borges
5082,2025-01-07,102,1007,28,28.83,0.062,Carlos Souza,Dinheiro,Polpa de CupuaÃ§u,Polpas Congeladas,28.51,0.32,True,Polpas do Norte S.A.,98.765.432/0001-10,PE,Frutally Recife Boa Viagem,Recife,PE,280.0,2020-07-15,Patrícia Alves
5071,2025-01-07,103,1003,36,80.87,0.041,Ana Silva,Cartão Débito,CajÃ¡,Frutas in Natura,42.27,3.47,True,AgriFruit LTDA,12.345.678/0001-90,CE,Frutally Salvador Pituba,Salvador,BA,0.0,2021-11-05,Bruno Nascimento
5075,2025-01-28,101,1007,8,11.39,0.186,Maria Lima,Cartão Débito,Polpa de CupuaÃ§u,Polpas Congeladas,28.51,0.32,True,Polpas do Norte S.A.,98.765.432/0001-10,PE,Frutally Fortaleza Centro,Fortaleza,CE,320.0,2019-03-12,Ricardo Mendes
5112,2025-01-29,101,1006,13,88.69,0.151,Maria Lima,Boleto,Polpa de AÃ§aÃ­,Polpas Congeladas,26.82,1.79,True,Polpas do Norte S.A.,98.765.432/0001-10,PE,Frutally Fortaleza Centro,Fortaleza,CE,320.0,2019-03-12,Ricardo Mendes
5109,2025-01-31,102,1010,35,35.52,0.142,Maria Lima,Pix,Polpa de Manga,Polpas Congeladas,7.16,3.82,True,Polpas do Norte S.A.,98.765.432/0001-10,PE,Frutally Recife Boa Viagem,Recife,PE,280.0,2020-07-15,Patrícia Alves
5098,2025-01-02,105,1015,8,56.91,0.12,Maria Lima,Pix,Manga Desidratada,Frutas Desidratadas,44.87,2.19,False,SecaFrut IndÃºstria,55.666.777/0001-88,PI,Frutally São Luís,São Luís,MA,410.0,2023-08-15,Thiago Borges
5045,2025-01-09,101,1006,46,27.85,0.177,Fernanda Costa,Cartão Débito,Polpa de AÃ§aÃ­,Polpas Congeladas,26.82,1.79,True,Polpas do Norte S.A.,98.765.432/0001-10,PE,Frutally Fortaleza Centro,Fortaleza,CE,320.0,2019-03-12,Ricardo Mendes
5120,2025-01-25,102,1006,37,13.11,0.228,Ana Silva,Pix,Polpa de AÃ§aÃ­,Polpas Congeladas,26.82,1.79,True,Polpas do Norte S.A.,98.765.432/0001-10,PE,Frutally Recife Boa Viagem,Recife,PE,280.0,2020-07-15,Patrícia Alves
5093,2025-01-26,105,1010,6,80.2,0.087,Maria Lima,Cartão Débito,Polpa de Manga,Polpas Congeladas,7.16,3.82,True,Polpas do Norte S.A.,98.765.432/0001-10,PE,Frutally São Luís,São Luís,MA,410.0,2023-08-15,Thiago Borges
5051,2025-01-03,103,1008,2,72.92,0.126,Ana Silva,Boleto,Polpa de MaracujÃ¡,Polpas Congeladas,39.41,4.87,True,Polpas do Norte S.A.,98.765.432/0001-10,PE,Frutally Salvador Pituba,Salvador,BA,0.0,2021-11-05,Bruno Nascimento
5118,2025-01-07,105,1011,28,40.15,0.031,Ana Silva,Dinheiro,Suco de Laranja,Sucos Concentrados,2.57,0.21,False,NaturSucos ME,11.222.333/0001-44,BA,Frutally São Luís,São Luís,MA,410.0,2023-08-15,Thiago Borges
5072,2025-01-11,101,1003,45,37.13,0.209,Maria Lima,Cartão Crédito,CajÃ¡,Frutas in Natura,42.27,3.47,True,AgriFruit LTDA,12.345.678/0001-90,CE,Frutally Fortaleza Centro,Fortaleza,CE,320.0,2019-03-12,Ricardo Mendes
5014,2025-01-27,102,1002,4,35.87,0.114,Ana Silva,Cartão Débito,Acerola,Frutas in Natura,42.04,0.6,True,AgriFruit LTDA,12.345.678/0001-90,CE,Frutally Recife Boa Viagem,Recife,PE,280.0,2020-07-15,Patrícia Alves
5150,2025-01-06,105,1002,47,53.98,0.109,Ana Silva,Cartão Crédito,Acerola,Frutas in Natura,42.04,0.6,True,AgriFruit LTDA,12.345.678/0001-90,CE,Frutally São Luís,São Luís,MA,410.0,2023-08-15,Thiago Borges
5037,2025-01-14,102,1001,33,5.07,0.133,Maria Lima,Cartão Débito,Manga Tommy,Frutas in Natura,16.37,3.2,True,AgriFruit LTDA,12.345.678/0001-90,CE,Frutally Recife Boa Viagem,Recife,PE,280.0,2020-07-15,Patrícia Alves
5073,2025-01-13,105,1015,20,4.44,0.078,Fernanda Costa,Boleto,Manga Desidratada,Frutas Desidratadas,44.87,2.19,False,SecaFrut IndÃºstria,55.666.777/0001-88,PI,Frutally São Luís,São Luís,MA,410.0,2023-08-15,Thiago Borges
5059,2025-01-08,105,1007,9,70.58,0.072,Ana Silva,Boleto,Polpa de CupuaÃ§u,Polpas Congeladas,28.51,0.32,True,Polpas do Norte S.A.,98.765.432/0001-10,PE,Frutally São Luís,São Luís,MA,410.0,2023-08-15,Thiago Borges
5103,2025-01-06,102,1015,4,74.51,0.132,Ana Silva,Cartão Débito,Manga Desidratada,Frutas Desidratadas,44.87,2.19,False,SecaFrut IndÃºstria,55.666.777/0001-88,PI,Frutally Recife Boa Viagem,Recife,PE,280.0,2020-07-15,Patrícia Alves
5083,2025-01-01,104,1006,34,31.9,0.041,Ana Silva,Boleto,Polpa de AÃ§aÃ­,Polpas Congeladas,26.82,1.79,True,Polpas do Norte S.A.,98.765.432/0001-10,PE,Frutally Teresina Centro,Teresina,PI,195.0,2022-01-10,Luciana Rocha
5053,2025-01-07,105,1013,42,18.83,0.193,Maria Lima,Dinheiro,Suco de Abacaxi,Sucos Concentrados,35.01,3.45,False,NaturSucos ME,11.222.333/0001-44,BA,Frutally São Luís,São Luís,MA,410.0,2023-08-15,Thiago Borges
5057,2025-01-23,103,1008,40,39.15,0.24,Ana Silva,Cartão Débito,Polpa de MaracujÃ¡,Polpas Congeladas,39.41,4.87,True,Polpas do Norte S.A.,98.765.432/0001-10,PE,Frutally Salvador Pituba,Salvador,BA,0.0,2021-11-05,Bruno Nascimento
5067,2025-01-13,105,1013,25,81.48,0.017,Maria Lima,Pix,Suco de Abacaxi,Sucos Concentrados,35.01,3.45,False,NaturSucos ME,11.222.333/0001-44,BA,Frutally São Luís,São Luís,MA,410.0,2023-08-15,Thiago Borges
5070,2025-01-30,102,1006,7,31.15,0.031,Ana Silva,Cartão Débito,Polpa de AÃ§aÃ­,Polpas Congeladas,26.82,1.79,True,Polpas do Norte S.A.,98.765.432/0001-10,PE,Frutally Recife Boa Viagem,Recife,PE,280.0,2020-07-15,Patrícia Alves
5087,2025-01-27,103,1009,22,71.72,0.129,Maria Lima,Cartão Crédito,Polpa de Caju,Polpas Congeladas,43.65,3.77,True,Polpas do Norte S.A.,98.765.432/0001-10,PE,Frutally Salvador Pituba,Salvador,BA,0.0,2021-11-05,Bruno Nascimento
5134,2025-01-08,103,1014,1,22.82,0.033,Carlos Souza,Cartão Crédito,Banana Chips,Frutas Desidratadas,20.9,1.44,False,SecaFrut IndÃºstria,55.666.777/0001-88,PI,Frutally Salvador Pituba,Salvador,BA,0.0,2021-11-05,Bruno Nascimento
5008,2025-01-21,102,1001,28,18.46,0.05,Ana Silva,Boleto,Manga Tommy,Frutas in Natura,16.37,3.2,True,AgriFruit LTDA,12.345.678/0001-90,CE,Frutally Recife Boa Viagem,Recife,PE,280.0,2020-07-15,Patrícia Alves
5004,2025-01-26,102,1013,34,44.47,0.205,Carlos Souza,Dinheiro,Suco de Abacaxi,Sucos Concentrados,35.01,3.45,False,NaturSucos ME,11.222.333/0001-44,BA,Frutally Recife Boa Viagem,Recife,PE,280.0,2020-07-15,Patrícia Alves
5033,2025-01-10,103,1010,33,81.72,0.178,Carlos Souza,Boleto,Polpa de Manga,Polpas Congeladas,7.16,3.82,True,Polpas do Norte S.A.,98.765.432/0001-10,PE,Frutally Salvador Pituba,Salvador,BA,0.0,2021-11-05,Bruno Nascimento
5043,2025-01-26,101,1015,3,5.51,0.185,Carlos Souza,Pix,Manga Desidratada,Frutas Desidratadas,44.87,2.19,False,SecaFrut IndÃºstria,55.666.777/0001-88,PI,Frutally Fortaleza Centro,Fortaleza,CE,320.0,2019-03-12,Ricardo Mendes
5113,2025-01-28,104,1004,42,68.59,0.241,Maria Lima,Cartão Débito,Goiaba Vermelha,Frutas in Natura,4.45,1.57,True,AgriFruit LTDA,12.345.678/0001-90,CE,Frutally Teresina Centro,Teresina,PI,195.0,2022-01-10,Luciana Rocha
5107,2025-01-05,103,1012,30,88.75,0.049,Carlos Souza,Cartão Débito,Suco de Uva Integral,Sucos Concentrados,15.58,2.49,False,NaturSucos ME,11.222.333/0001-44,BA,Frutally Salvador Pituba,Salvador,BA,0.0,2021-11-05,Bruno Nascimento
5055,2025-01-08,102,1014,26,73.21,0.141,Fernanda Costa,Cartão Débito,Banana Chips,Frutas Desidratadas,20.9,1.44,False,SecaFrut IndÃºstria,55.666.777/0001-88,PI,Frutally Recife Boa Viagem,Recife,PE,280.0,2020-07-15,Patrícia Alves
5088,2025-01-05,103,1001,25,11.38,0.115,Carlos Souza,Dinheiro,Manga Tommy,Frutas in Natura,16.37,3.2,True,AgriFruit LTDA,12.345.678/0001-90,CE,Frutally Salvador Pituba,Salvador,BA,0.0,2021-11-05,Bruno Nascimento
5127,2025-01-12,102,1006,47,59.59,0.195,Ana Silva,Cartão Crédito,Polpa de AÃ§aÃ­,Polpas Congeladas,26.82,1.79,True,Polpas do Norte S.A.,98.765.432/0001-10,PE,Frutally Recife Boa Viagem,Recife,PE,280.0,2020-07-15,Patrícia Alves
5111,2025-01-27,101,1005,16,85.34,0.201,Ana Silva,Cartão Crédito,Graviola,Frutas in Natura,32.31,0.43,True,AgriFruit LTDA,12.345.678/0001-90,CE,Frutally Fortaleza Centro,Fortaleza,CE,320.0,2019-03-12,Ricardo Mendes
5132,2025-01-24,103,1011,40,28.19,0.101,Maria Lima,Dinheiro,Suco de Laranja,Sucos Concentrados,2.57,0.21,False,NaturSucos ME,11.222.333/0001-44,BA,Frutally Salvador Pituba,Salvador,BA,0.0,2021-11-05,Bruno Nascimento
5142,2025-01-01,103,1003,26,9.88,0.183,Ana Silva,Boleto,CajÃ¡,Frutas in Natura,42.27,3.47,True,AgriFruit LTDA,12.345.678/0001-90,CE,Frutally Salvador Pituba,Salvador,BA,0.0,2021-11-05,Bruno Nascimento
5094,2025-01-30,103,1003,15,33.82,0.156,Carlos Souza,Cartão Crédito,CajÃ¡,Frutas in Natura,42.27,3.47,True,AgriFruit LTDA,12.345.678/0001-90,CE,Frutally Salvador Pituba,Salvador,BA,0.0,2021-11-05,Bruno Nascimento
5125,2025-01-28,104,1006,1,13.77,0.091,Maria Lima,Dinheiro,Polpa de AÃ§aÃ­,Polpas Congeladas,26.82,1.79,True,Polpas do Norte S.A.,98.765.432/0001-10,PE,Frutally Teresina Centro,Teresina,PI,195.0,2022-01-10,Luciana Rocha
5139,2025-01-14,101,1009,29,80.49,0.124,Ana Silva,Pix,Polpa de Caju,Polpas Congeladas,43.65,3.77,True,Polpas do Norte S.A.,98.765.432/0001-10,PE,Frutally Fortaleza Centro,Fortaleza,CE,320.0,2019-03-12,Ricardo Mendes
5030,2025-01-17,103,1015,46,84.84,0.158,Ana Silva,Pix,Manga Desidratada,Frutas Desidratadas,44.87,2.19,False,SecaFrut IndÃºstria,55.666.777/0001-88,PI,Frutally Salvador Pituba,Salvador,BA,0.0,2021-11-05,Bruno Nascimento
5144,2025-01-20,102,1008,37,87.25,0.143,Carlos Souza,Cartão Débito,Polpa de MaracujÃ¡,Polpas Congeladas,39.41,4.87,True,Polpas do Norte S.A.,98.765.432/0001-10,PE,Frutally Recife Boa Viagem,Recife,PE,280.0,2020-07-15,Patrícia Alves
5061,2025-01-05,101,1015,48,83.92,0.025,Carlos Souza,Pix,Manga Desidratada,Frutas Desidratadas,44.87,2.19,False,SecaFrut IndÃºstria,55.666.777/0001-88,PI,Frutally Fortaleza Centro,Fortaleza,CE,320.0,2019-03-12,Ricardo Mendes
5019,2025-01-23,104,1011,28,17.58,0.118,Maria Lima,Cartão Crédito,Suco de Laranja,Sucos Concentrados,2.57,0.21,False,NaturSucos ME,11.222.333/0001-44,BA,Frutally Teresina Centro,Teresina,PI,195.0,2022-01-10,Luciana Rocha
5148,2025-01-19,103,1015,28,42.77,0.023,Fernanda Costa,Cartão Crédito,Manga Desidratada,Frutas Desidratadas,44.87,2.19,False,SecaFrut IndÃºstria,55.666.777/0001-88,PI,Frutally Salvador Pituba,Salvador,BA,0.0,2021-11-05,Bruno Nascimento
5039,2025-01-23,103,1013,18,62.51,0.136,Carlos Souza,Cartão Débito,Suco de Abacaxi,Sucos Concentrados,35.01,3.45,False,NaturSucos ME,11.222.333/0001-44,BA,Frutally Salvador Pituba,Salvador,BA,0.0,2021-11-05,Bruno Nascimento
5121,2025-01-23,101,1005,26,46.06,0.084,Fernanda Costa,Cartão Débito,Graviola,Frutas in Natura,32.31,0.43,True,AgriFruit LTDA,12.345.678/0001-90,CE,Frutally Fortaleza Centro,Fortaleza,CE,320.0,2019-03-12,Ricardo Mendes
5117,2025-01-01,105,1008,19,51.75,0.184,Maria Lima,Cartão Débito,Polpa de MaracujÃ¡,Polpas Congeladas,39.41,4.87,True,Polpas do Norte S.A.,98.765.432/0001-10,PE,Frutally São Luís,São Luís,MA,410.0,2023-08-15,Thiago Borges
5024,2025-01-14,105,1009,35,84.74,0.095,Maria Lima,Cartão Crédito,Polpa de Caju,Polpas Congeladas,43.65,3.77,True,Polpas do Norte S.A.,98.765.432/0001-10,PE,Frutally São Luís,São Luís,MA,410.0,2023-08-15,Thiago Borges
5119,2025-01-01,104,1013,26,81.81,0.161,João Pereira,Cartão Crédito,Suco de Abacaxi,Sucos Concentrados,35.01,3.45,False,NaturSucos ME,11.222.333/0001-44,BA,Frutally Teresina Centro,Teresina,PI,195.0,2022-01-10,Luciana Rocha
5140,2025-01-22,103,1007,3,49.09,0.027,Fernanda Costa,Pix,Polpa de CupuaÃ§u,Polpas Congeladas,28.51,0.32,True,Polpas do Norte S.A.,98.765.432/0001-10,PE,Frutally Salvador Pituba,Salvador,BA,0.0,2021-11-05,Bruno Nascimento
5105,2025-01-24,102,1008,45,10.53,0.217,Ana Silva,Pix,Polpa de MaracujÃ¡,Polpas Congeladas,39.41,4.87,True,Polpas do Norte S.A.,98.765.432/0001-10,PE,Frutally Recife Boa Viagem,Recife,PE,280.0,2020-07-15,Patrícia Alves
5077,2025-01-21,105,1012,16,85.59,0.029,Fernanda Costa,Cartão Crédito,Suco de Uva Integral,Sucos Concentrados,15.58,2.49,False,NaturSucos ME,11.222.333/0001-44,BA,Frutally São Luís,São Luís,MA,410.0,2023-08-15,Thiago Borges
5078,2025-01-28,105,1010,14,85.63,0.216,Ana Silva,Cartão Crédito,Polpa de Manga,Polpas Congeladas,7.16,3.82,True,Polpas do Norte S.A.,98.765.432/0001-10,PE,Frutally São Luís,São Luís,MA,410.0,2023-08-15,Thiago Borges
5013,2025-01-12,104,1014,19,7.41,0.148,Carlos Souza,Dinheiro,Banana Chips,Frutas Desidratadas,20.9,1.44,False,SecaFrut IndÃºstria,55.666.777/0001-88,PI,Frutally Teresina Centro,Teresina,PI,195.0,2022-01-10,Luciana Rocha
5034,2025-01-29,105,1004,21,20.42,0.156,Maria Lima,Cartão Crédito,Goiaba Vermelha,Frutas in Natura,4.45,1.57,True,AgriFruit LTDA,12.345.678/0001-90,CE,Frutally São Luís,São Luís,MA,410.0,2023-08-15,Thiago Borges
5096,2025-01-17,101,1013,37,15.85,0.074,Fernanda Costa,Dinheiro,Suco de Abacaxi,Sucos Concentrados,35.01,3.45,False,NaturSucos ME,11.222.333/0001-44,BA,Frutally Fortaleza Centro,Fortaleza,CE,320.0,2019-03-12,Ricardo Mendes
5115,2025-01-31,103,1002,19,10.71,0.081,Ana Silva,Boleto,Acerola,Frutas in Natura,42.04,0.6,True,AgriFruit LTDA,12.345.678/0001-90,CE,Frutally Salvador Pituba,Salvador,BA,0.0,2021-11-05,Bruno Nascimento
5076,2025-01-13,103,1005,46,31.09,0.197,Ana Silva,Dinheiro,Graviola,Frutas in Natura,32.31,0.43,True,AgriFruit LTDA,12.345.678/0001-90,CE,Frutally Salvador Pituba,Salvador,BA,0.0,2021-11-05,Bruno Nascimento
5097,2025-01-27,105,1002,33,69.29,0.132,Carlos Souza,Dinheiro,Acerola,Frutas in Natura,42.04,0.6,True,AgriFruit LTDA,12.345.678/0001-90,CE,Frutally São Luís,São Luís,MA,410.0,2023-08-15,Thiago Borges
5006,2025-01-21,104,1005,30,45.98,0.21,Ana Silva,Pix,Graviola,Frutas in Natura,32.31,0.43,True,AgriFruit LTDA,12.345.678/0001-90,CE,Frutally Teresina Centro,Teresina,PI,195.0,2022-01-10,Luciana Rocha
5020,2025-01-25,103,1009,30,9.6,0.199,João Pereira,Pix,Polpa de Caju,Polpas Congeladas,43.65,3.77,True,Polpas do Norte S.A.,98.765.432/0001-10,PE,Frutally Salvador Pituba,Salvador,BA,0.0,2021-11-05,Bruno Nascimento
5100,2025-01-01,103,1015,44,10.77,0.084,Ana Silva,Cartão Débito,Manga Desidratada,Frutas Desidratadas,44.87,2.19,False,SecaFrut IndÃºstria,55.666.777/0001-88,PI,Frutally Salvador Pituba,Salvador,BA,0.0,2021-11-05,Bruno Nascimento
5022,2025-01-09,101,1009,46,5.79,0.102,Carlos Souza,Pix,Polpa de Caju,Polpas Congeladas,43.65,3.77,True,Polpas do Norte S.A.,98.765.432/0001-10,PE,Frutally Fortaleza Centro,Fortaleza,CE,320.0,2019-03-12,Ricardo Mendes
5018,2025-01-30,101,1013,44,60.41,0.001,Maria Lima,Cartão Débito,Suco de Abacaxi,Sucos Concentrados,35.01,3.45,False,NaturSucos ME,11.222.333/0001-44,BA,Frutally Fortaleza Centro,Fortaleza,CE,320.0,2019-03-12,Ricardo Mendes
5063,2025-01-26,105,1014,29,40.57,0.026,Carlos Souza,Pix,Banana Chips,Frutas Desidratadas,20.9,1.44,False,SecaFrut IndÃºstria,55.666.777/0001-88,PI,Frutally São Luís,São Luís,MA,410.0,2023-08-15,Thiago Borges
5048,2025-01-01,102,1012,47,57.84,0.189,Maria Lima,Dinheiro,Suco de Uva Integral,Sucos Concentrados,15.58,2.49,False,NaturSucos ME,11.222.333/0001-44,BA,Frutally Recife Boa Viagem,Recife,PE,280.0,2020-07-15,Patrícia Alves
5080,2025-01-11,101,1009,23,58.09,0.23,Maria Lima,Dinheiro,Polpa de Caju,Polpas Congeladas,43.65,3.77,True,Polpas do Norte S.A.,98.765.432/0001-10,PE,Frutally Fortaleza Centro,Fortaleza,CE,320.0,2019-03-12,Ricardo Mendes
5040,2025-01-30,105,1004,25,9.65,0.083,Fernanda Costa,Cartão Crédito,Goiaba Vermelha,Frutas in Natura,4.45,1.57,True,AgriFruit LTDA,12.345.678/0001-90,CE,Frutally São Luís,São Luís,MA,410.0,2023-08-15,Thiago Borges
5021,2025-01-19,101,1010,29,59.01,0.213,Ana Silva,Cartão Crédito,Polpa de Manga,Polpas Congeladas,7.16,3.82,True,Polpas do Norte S.A.,98.765.432/0001-10,PE,Frutally Fortaleza Centro,Fortaleza,CE,320.0,2019-03-12,Ricardo Mendes
5131,2025-01-20,103,1014,25,35.89,0.185,Ana Silva,Dinheiro,Banana Chips,Frutas Desidratadas,20.9,1.44,False,SecaFrut IndÃºstria,55.666.777/0001-88,PI,Frutally Salvador Pituba,Salvador,BA,0.0,2021-11-05,Bruno Nascimento
5108,2025-01-06,103,1003,47,35.84,0.149,Ana Silva,Dinheiro,CajÃ¡,Frutas in Natura,42.27,3.47,True,AgriFruit LTDA,12.345.678/0001-90,CE,Frutally Salvador Pituba,Salvador,BA,0.0,2021-11-05,Bruno Nascimento
5060,2025-01-03,104,1003,43,32.95,0.228,Ana Silva,Dinheiro,CajÃ¡,Frutas in Natura,42.27,3.47,True,AgriFruit LTDA,12.345.678/0001-90,CE,Frutally Teresina Centro,Teresina,PI,195.0,2022-01-10,Luciana Rocha
5056,2025-01-01,101,1011,17,89.08,0.15,Ana Silva,Pix,Suco de Laranja,Sucos Concentrados,2.57,0.21,False,NaturSucos ME,11.222.333/0001-44,BA,Frutally Fortaleza Centro,Fortaleza,CE,320.0,2019-03-12,Ricardo Mendes
5069,2025-01-29,102,1010,13,74.91,0.21,Ana Silva,Dinheiro,Polpa de Manga,Polpas Congeladas,7.16,3.82,True,Polpas do Norte S.A.,98.765.432/0001-10,PE,Frutally Recife Boa Viagem,Recife,PE,280.0,2020-07-15,Patrícia Alves
5036,2025-01-10,102,1008,23,12.21,0.089,Ana Silva,Dinheiro,Polpa de MaracujÃ¡,Polpas Congeladas,39.41,4.87,True,Polpas do Norte S.A.,98.765.432/0001-10,PE,Frutally Recife Boa Viagem,Recife,PE,280.0,2020-07-15,Patrícia Alves
